"000","","","81999898","1"
"000","","AUD","81999898","2"
"000","","EUR","81999898","2"
"000","","GBP","81999898","2"
"000","","HUF","81999898","2"
"000","","IEP","81999898","2"
"000","","NZD","81999898","2"
"000","","USD","81999898","2"
"000","AUD","NZD","81999898","1"
"000","AUD","USD","81999898","1"
"000","EUR","AUD","81999898","1"
"000","EUR","GBP","81999898","1"
"000","EUR","IEP","81999898","1"
"000","EUR","NZD","81999898","1"
"000","EUR","USD","81999898","1"
"000","GBP","AUD","81999898","1"
"000","GBP","IEP","81999898","1"
"000","GBP","NZD","81999898","1"
"000","GBP","USD","81999898","1"
"000","IEP","AUD","81999898","1"
"000","IEP","NZD","81999898","1"
"000","IEP","USD","81999898","1"
"000","NZD","USD","81999898","1"
"102","","","81999898","1"
"102","","AUD","81999898","2"
"102","","EUR","81999898","2"
"102","","GBP","81999898","2"
"102","","IEP","81999898","2"
"102","","NZD","81999898","2"
"102","","USD","81999898","2"
"102","AUD","NZD","81999898","1"
"102","AUD","USD","81999898","1"
"102","EUR","AUD","81999898","1"
"102","EUR","GBP","81999898","1"
"102","EUR","IEP","81999898","1"
"102","EUR","NZD","81999898","1"
"102","EUR","USD","81999898","1"
"102","GBP","AUD","81999898","1"
"102","GBP","IEP","81999898","1"
"102","GBP","NZD","81999898","1"
"102","GBP","USD","81999898","1"
"102","IEP","AUD","81999898","1"
"102","IEP","NZD","81999898","1"
"102","IEP","USD","81999898","1"
"102","NZD","USD","81999898","1"
"103","","","81999898","1"
"103","","AUD","81999898","2"
"103","","EUR","81999898","2"
"103","","GBP","81999898","2"
"103","","IEP","81999898","2"
"103","","NZD","81999898","2"
"103","","USD","81999898","2"
"103","AUD","NZD","81999898","1"
"103","AUD","USD","81999898","1"
"103","EUR","AUD","81999898","1"
"103","EUR","GBP","81999898","1"
"103","EUR","IEP","81999898","1"
"103","EUR","NZD","81999898","1"
"103","EUR","USD","81999898","1"
"103","GBP","AUD","81999898","1"
"103","GBP","IEP","81999898","1"
"103","GBP","NZD","81999898","1"
"103","GBP","USD","81999898","1"
"103","IEP","AUD","81999898","1"
"103","IEP","NZD","81999898","1"
"103","IEP","USD","81999898","1"
"103","NZD","USD","81999898","1"
"104","","","81999898","1"
"104","","AUD","81999898","2"
"104","","EUR","81999898","2"
"104","","GBP","81999898","2"
"104","","IEP","81999898","2"
"104","","NZD","81999898","2"
"104","","USD","81999898","2"
"104","AUD","NZD","81999898","1"
"104","AUD","USD","81999898","1"
"104","EUR","AUD","81999898","1"
"104","EUR","GBP","81999898","1"
"104","EUR","IEP","81999898","1"
"104","EUR","NZD","81999898","1"
"104","EUR","USD","81999898","1"
"104","GBP","AUD","81999898","1"
"104","GBP","IEP","81999898","1"
"104","GBP","NZD","81999898","1"
"104","GBP","USD","81999898","1"
"104","IEP","AUD","81999898","1"
"104","IEP","NZD","81999898","1"
"104","IEP","USD","81999898","1"
"104","NZD","USD","81999898","1"
"105","","","81999898","1"
"105","","AUD","81999898","2"
"105","","EUR","81999898","2"
"105","","GBP","81999898","2"
"105","","IEP","81999898","2"
"105","","NZD","81999898","2"
"105","","USD","81999898","2"
"105","AUD","NZD","81999898","1"
"105","AUD","USD","81999898","1"
"105","EUR","AUD","81999898","1"
"105","EUR","GBP","81999898","1"
"105","EUR","IEP","81999898","1"
"105","EUR","NZD","81999898","1"
"105","EUR","USD","81999898","1"
"105","GBP","AUD","81999898","1"
"105","GBP","IEP","81999898","1"
"105","GBP","NZD","81999898","1"
"105","GBP","USD","81999898","1"
"105","IEP","AUD","81999898","1"
"105","IEP","NZD","81999898","1"
"105","IEP","USD","81999898","1"
"105","NZD","USD","81999898","1"
"106","","","81999898","1"
"106","","AUD","81999898","2"
"106","","EUR","81999898","2"
"106","","GBP","81999898","2"
"106","","IEP","81999898","2"
"106","","NZD","81999898","2"
"106","","USD","81999898","2"
"106","AUD","NZD","81999898","1"
"106","AUD","USD","81999898","1"
"106","EUR","AUD","81999898","1"
"106","EUR","GBP","81999898","1"
"106","EUR","IEP","81999898","1"
"106","EUR","NZD","81999898","1"
"106","EUR","USD","81999898","1"
"106","GBP","AUD","81999898","1"
"106","GBP","IEP","81999898","1"
"106","GBP","NZD","81999898","1"
"106","GBP","USD","81999898","1"
"106","IEP","AUD","81999898","1"
"106","IEP","NZD","81999898","1"
"106","IEP","USD","81999898","1"
"106","NZD","USD","81999898","1"
"107","","","81999898","1"
"107","","AUD","81999898","2"
"107","","EUR","81999898","2"
"107","","GBP","81999898","2"
"107","","IEP","81999898","2"
"107","","NZD","81999898","2"
"107","","USD","81999898","2"
"107","AUD","NZD","81999898","1"
"107","AUD","USD","81999898","1"
"107","EUR","AUD","81999898","1"
"107","EUR","GBP","81999898","1"
"107","EUR","IEP","81999898","1"
"107","EUR","NZD","81999898","1"
"107","EUR","USD","81999898","1"
"107","GBP","AUD","81999898","1"
"107","GBP","IEP","81999898","1"
"107","GBP","NZD","81999898","1"
"107","GBP","USD","81999898","1"
"107","IEP","AUD","81999898","1"
"107","IEP","NZD","81999898","1"
"107","IEP","USD","81999898","1"
"107","NZD","USD","81999898","1"
"108","","","81999898","1"
"108","","AUD","81999898","2"
"108","","EUR","81999898","2"
"108","","GBP","81999898","2"
"108","","IEP","81999898","2"
"108","","NZD","81999898","2"
"108","","USD","81999898","2"
"108","AUD","NZD","81999898","1"
"108","AUD","USD","81999898","1"
"108","EUR","AUD","81999898","1"
"108","EUR","GBP","81999898","1"
"108","EUR","IEP","81999898","1"
"108","EUR","NZD","81999898","1"
"108","EUR","USD","81999898","1"
"108","GBP","AUD","81999898","1"
"108","GBP","IEP","81999898","1"
"108","GBP","NZD","81999898","1"
"108","GBP","USD","81999898","1"
"108","IEP","AUD","81999898","1"
"108","IEP","NZD","81999898","1"
"108","IEP","USD","81999898","1"
"108","NZD","USD","81999898","1"
"109","","","81999898","1"
"109","","AUD","81999898","2"
"109","","EUR","81999898","2"
"109","","GBP","81999898","2"
"109","","IEP","81999898","2"
"109","","NZD","81999898","2"
"109","","USD","81999898","2"
"109","AUD","NZD","81999898","1"
"109","AUD","USD","81999898","1"
"109","EUR","AUD","81999898","1"
"109","EUR","GBP","81999898","1"
"109","EUR","IEP","81999898","1"
"109","EUR","NZD","81999898","1"
"109","EUR","USD","81999898","1"
"109","GBP","AUD","81999898","1"
"109","GBP","IEP","81999898","1"
"109","GBP","NZD","81999898","1"
"109","GBP","USD","81999898","1"
"109","IEP","AUD","81999898","1"
"109","IEP","NZD","81999898","1"
"109","IEP","USD","81999898","1"
"109","NZD","USD","81999898","1"
"110","","","81999898","1"
"110","","AUD","81999898","2"
"110","","EUR","81999898","2"
"110","","GBP","81999898","2"
"110","","IEP","81999898","2"
"110","","NZD","81999898","2"
"110","","USD","81999898","2"
"110","AUD","NZD","81999898","1"
"110","AUD","USD","81999898","1"
"110","EUR","AUD","81999898","1"
"110","EUR","GBP","81999898","1"
"110","EUR","IEP","81999898","1"
"110","EUR","NZD","81999898","1"
"110","EUR","USD","81999898","1"
"110","GBP","AUD","81999898","1"
"110","GBP","IEP","81999898","1"
"110","GBP","NZD","81999898","1"
"110","GBP","USD","81999898","1"
"110","IEP","AUD","81999898","1"
"110","IEP","NZD","81999898","1"
"110","IEP","USD","81999898","1"
"110","NZD","USD","81999898","1"
"506","","EUR","81999898","2"
"513","","","81999898","1"
"513","","AUD","81999898","2"
"513","","EUR","81999898","2"
"513","","GBP","81999898","2"
"513","","IEP","81999898","2"
"513","","NZD","81999898","2"
"513","","USD","81999898","2"
"513","AUD","NZD","81999898","1"
"513","AUD","USD","81999898","1"
"513","EUR","AUD","81999898","1"
"513","EUR","GBP","81999898","1"
"513","EUR","IEP","81999898","1"
"513","EUR","NZD","81999898","1"
"513","EUR","USD","81999898","1"
"513","GBP","AUD","81999898","1"
"513","GBP","IEP","81999898","1"
"513","GBP","NZD","81999898","1"
"513","GBP","USD","81999898","1"
"513","IEP","AUD","81999898","1"
"513","IEP","NZD","81999898","1"
"513","IEP","USD","81999898","1"
"513","NZD","USD","81999898","1"
"519","","","81999898","1"
"519","","AUD","81999898","2"
"519","","EUR","81999898","2"
"519","","GBP","81999898","2"
"519","","IEP","81999898","2"
"519","","NZD","81999898","2"
"519","","USD","81999898","2"
"519","AUD","NZD","81999898","1"
"519","AUD","USD","81999898","1"
"519","EUR","AUD","81999898","1"
"519","EUR","GBP","81999898","1"
"519","EUR","IEP","81999898","1"
"519","EUR","NZD","81999898","1"
"519","EUR","USD","81999898","1"
"519","GBP","AUD","81999898","1"
"519","GBP","IEP","81999898","1"
"519","GBP","NZD","81999898","1"
"519","GBP","USD","81999898","1"
"519","IEP","AUD","81999898","1"
"519","IEP","NZD","81999898","1"
"519","IEP","USD","81999898","1"
"519","NZD","USD","81999898","1"
"522","","","81999898","1"
"522","","AUD","81999898","2"
"522","","EUR","81999898","2"
"522","","GBP","81999898","2"
"522","","HUF","81999898","2"
"522","","IEP","81999898","2"
"522","","NZD","81999898","2"
"522","","USD","81999898","2"
"522","AUD","NZD","81999898","1"
"522","AUD","USD","81999898","1"
"522","EUR","AUD","81999898","1"
"522","EUR","GBP","81999898","1"
"522","EUR","IEP","81999898","1"
"522","EUR","NZD","81999898","1"
"522","EUR","USD","81999898","1"
"522","GBP","AUD","81999898","1"
"522","GBP","IEP","81999898","1"
"522","GBP","NZD","81999898","1"
"522","GBP","USD","81999898","1"
"522","IEP","AUD","81999898","1"
"522","IEP","NZD","81999898","1"
"522","IEP","USD","81999898","1"
"522","NZD","USD","81999898","1"
"526","","","81999898","1"
"526","","AUD","81999898","2"
"526","","EUR","81999898","2"
"526","","GBP","81999898","2"
"526","","IEP","81999898","2"
"526","","NZD","81999898","2"
"526","","USD","81999898","2"
"526","AUD","NZD","81999898","1"
"526","AUD","USD","81999898","1"
"526","EUR","AUD","81999898","1"
"526","EUR","GBP","81999898","1"
"526","EUR","IEP","81999898","1"
"526","EUR","NZD","81999898","1"
"526","EUR","USD","81999898","1"
"526","GBP","AUD","81999898","1"
"526","GBP","IEP","81999898","1"
"526","GBP","NZD","81999898","1"
"526","GBP","USD","81999898","1"
"526","IEP","AUD","81999898","1"
"526","IEP","NZD","81999898","1"
"526","IEP","USD","81999898","1"
"526","NZD","USD","81999898","1"
"540","","","81999898","1"
"540","","AUD","81999898","2"
"540","","EUR","81999898","2"
"540","","GBP","81999898","2"
"540","","HUF","81999898","2"
"540","","IEP","81999898","2"
"540","","NZD","81999898","2"
"540","","USD","81999898","2"
"540","AUD","NZD","81999898","1"
"540","AUD","USD","81999898","1"
"540","EUR","AUD","81999898","1"
"540","EUR","GBP","81999898","1"
"540","EUR","IEP","81999898","1"
"540","EUR","NZD","81999898","1"
"540","EUR","USD","81999898","1"
"540","GBP","AUD","81999898","1"
"540","GBP","IEP","81999898","1"
"540","GBP","NZD","81999898","1"
"540","GBP","USD","81999898","1"
"540","IEP","AUD","81999898","1"
"540","IEP","NZD","81999898","1"
"540","IEP","USD","81999898","1"
"540","NZD","USD","81999898","1"
"701","","","81999898","1"
"701","","AUD","81999898","2"
"701","","EUR","81999898","2"
"701","","GBP","81999898","2"
"701","","HUF","81999898","2"
"701","","IEP","81999898","2"
"701","","NZD","81999898","2"
"701","","USD","81999898","2"
"701","AUD","NZD","81999898","1"
"701","AUD","USD","81999898","1"
"701","EUR","AUD","81999898","1"
"701","EUR","GBP","81999898","1"
"701","EUR","IEP","81999898","1"
"701","EUR","NZD","81999898","1"
"701","EUR","USD","81999898","1"
"701","GBP","AUD","81999898","1"
"701","GBP","IEP","81999898","1"
"701","GBP","NZD","81999898","1"
"701","GBP","USD","81999898","1"
"701","IEP","AUD","81999898","1"
"701","IEP","NZD","81999898","1"
"701","IEP","USD","81999898","1"
"701","NZD","USD","81999898","1"
"800","","EUR","81999898","2"
"800","EUR","EUR","79959898","1"
"900","","","81999898","1"
"900","","AUD","81999898","2"
"900","","EUR","81999898","2"
"900","","GBP","81999898","2"
"900","","IEP","81999898","2"
"900","","NZD","81999898","2"
"900","","USD","81999898","2"
"900","AUD","NZD","81999898","1"
"900","AUD","USD","81999898","1"
"900","EUR","AUD","81999898","1"
"900","EUR","EUR","79959898","1"
"900","EUR","GBP","81999898","1"
"900","EUR","IEP","81999898","1"
"900","EUR","NZD","81999898","1"
"900","EUR","USD","81999898","1"
"900","GBP","AUD","81999898","1"
"900","GBP","IEP","81999898","1"
"900","GBP","NZD","81999898","1"
"900","GBP","USD","81999898","1"
"900","IEP","AUD","81999898","1"
"900","IEP","NZD","81999898","1"
"900","IEP","USD","81999898","1"
"900","NZD","USD","81999898","1"
